date,newIs
2026-02-26,0.07999555555555557
2026-02-27,0.07783481071471607
2026-02-28,0.07834807162224242
2026-03-01,0.08086925250235023
2026-03-02,0.08495646636492954
2026-03-03,0.0903229389609899
2026-03-04,0.09678972861508169
2026-03-05,0.10425341418017234
2026-03-06,0.11266406169882244
2026-03-07,0.12201025388124798
2026-03-08,0.1323089773026056
2026-03-09,0.14359885566187636
2026-03-10,0.1559356932204767
2026-03-11,0.16938961901592559
2026-03-12,0.18404334651525095
2026-03-13,0.1999912171983624
2026-03-14,0.2173388022071575
2026-03-15,0.236202908797604
2026-03-16,0.25671188827324326
2026-03-17,0.27900617648335496
2026-03-18,0.3032390217249532
2026-03-19,0.3295773713482148
2026-03-20,0.3582028998306693
2026-03-21,0.3893131691351672
2026-03-22,0.42312291788341183
2026-03-23,0.45986548000373234
2026-03-24,0.4997943365583602
2026-03-25,0.543184806770911
2026-03-26,0.5903358860979656
2026-03-27,0.6415722406824393
2026-03-28,0.6972463688011941
2026-03-29,0.757740941048871
2026-03-30,0.8234713320323588
2026-03-31,0.8948883573155
2026-04-01,0.9724812302679724
2026-04-02,1.0567807543419123
2026-04-03,1.1483627671227106
2026-04-04,1.2478518532672231
2026-04-05,1.355925344137608
2026-04-06,1.473317622539654
2026-04-07,1.6008247514514218
2026-04-08,1.73930944594436
2026-04-09,1.8897064076092775
2026-04-10,2.0530280406485177
2026-04-11,2.230370568317068
2026-04-12,2.42292056751006
2026-04-13,2.6319619379082733
2026-04-14,2.8588833200959627
2026-04-15,3.105185974326254
2026-04-16,3.3724921279758497
2026-04-17,3.6625537950249676
2026-04-18,3.9772620649137687
2026-04-19,4.3186568506243885
2026-04-20,4.688937076543597
2026-04-21,5.09047127526128
2026-04-22,5.525808548596937
2026-04-23,5.99768983141696
2026-04-24,6.509059376756304
2026-04-25,7.063076356885265
2026-04-26,7.663126446709848
2026-04-27,8.3128332226568
2026-04-28,9.016069171321412
2026-04-29,9.77696605695977
2026-04-30,10.59992434467797
2026-05-01,11.489621316196626
2026-05-02,12.45101744666695
2026-05-03,13.489360533570704
2026-05-04,14.610186981761487
2026-05-05,15.819319551907348
2026-05-06,17.1228607729748
2026-05-07,18.52718110335935
2026-05-08,20.03890080078379
2026-05-09,21.66486432985064
2026-05-10,23.412106000799806
2026-05-11,25.287805397435285
2026-05-12,27.299231021684996
2026-05-13,29.453670463993106
2026-05-14,31.75834531201576
2026-05-15,34.22030894670354
2026-05-16,36.84632535944921
2026-05-17,39.642727174310416
2026-05-18,42.61525119641628
2026-05-19,45.7688500558268
2026-05-20,49.107478902604804
2026-05-21,52.63385666324935
2026-05-22,56.34920212160642
2026-05-23,60.2529460688533
2026-05-24,64.34242200367278
2026-05-25,68.61253937480346
2026-05-26,73.05544515162912
2026-05-27,77.66018157488584
2026-05-28,82.41235024555941
2026-05-29,87.29379519121284
2026-05-30,92.28232010275576
2026-05-31,97.3514574140656
2026-06-01,102.47030910647298
2026-06-02,107.60348081571328
2026-06-03,112.71113171282627
2026-06-04,117.74916240422498
2026-06-05,122.6695614225966
2026-06-06,127.42092745571614
2026-06-07,131.94917904652195
2026-06-08,136.1984559725396
2026-06-09,140.11220692304292
2026-06-10,143.63444670527198
2026-06-11,146.71115355140293
2026-06-12,149.29176396273692
2026-06-13,151.33070996583726
2026-06-14,152.78893290573905
2026-06-15,153.63530028353568
